Column,a,b
SolarPanel,14.74417004796963,1.150528704004233
Potato,104.43675997239845,1.1498150000421978
Probetato,591.1538032626423,1.1499770081451832
Spudnik,11913.08251274902,1.1499951956427041
