Column,a,b
SolarPanel,14.771793230842919,1.150466978712083
Potato,104.43244542364458,1.14988397540455
Probetato,591.1538032626423,1.1499770081451832
Spudnik,11913.08251274902,1.1499951956427041
PotatoPlant,246956.74567512036,1.1499994492794283
