Column,a,b
SolarPanel,14.74417004796963,1.150528704004233
Potato,104.31995562691559,1.1499916325543793
Probetato,591.1538032626423,1.1499770081451832
Spudnik,11913.08251274902,1.1499951956427041
PotatoPlant,241400.0,1.1499951956427041
